CREATE TABLE jurusan (
    id_jurusan CHARACTER(4) PRIMARY KEY NOT NULL,
    nama_jurusan VARCHAR(100) NOT NULL
);

CREATE TABLE mahasiswa (
    nim CHARACTER(8) PRIMARY KEY NOT NULL,
    nama VARCHAR(50) NOT NULL,
    alamat TEXT NOT NULL,
    id_jurusan CHARACTER(4) NOT NULL,
    FOREIGN KEY (id_jurusan) REFERENCES jurusan (id_jurusan)
);

CREATE TABLE dosen (
    nip CHARACTER(16) PRIMARY KEY NOT NULL,
    nama VARCHAR(50) NOT NULL
);

CREATE TABLE mata_kuliah (
    id_matkul CHARACTER(4) PRIMARY KEY NOT NULL,
    nama_matkul VARCHAR(100) NOT NULL,
    sks INT NOT NULL
);

CREATE TABLE teach (
    id INTEGER PRIMARY KEY AUTOINCREMENT,
    nim CHARACTER(8) NOT NULL,
    nip CHARACTER(16) NOT NULL,
    id_matkul CHARACTER(4) NOT NULL,
    nilai CHARACTER(1) NOT NULL,
    FOREIGN KEY (nim) REFERENCES mahasiswa (nim),
    FOREIGN KEY (nip) REFERENCES dosen (nip),
    FOREIGN KEY (id_matkul) REFERENCES mata_kuliah (id_matkul)
);

INSERT INTO jurusan VALUES
('J001', 'Teknik Industri'),
('J002', 'Teknik Nuklir'),
('J003', 'Teknologi Informasi'),
('J004', 'Teknik Elektro');

INSERT INTO mahasiswa VALUES
('20622001', 'Ilham Alfarisi', 'Jakarta Selatan', 'J003'),
('20622002', 'Khaidar Ali Izetbehovic', 'Surabaya', 'J004'),
('20622003', 'Muhammad Naufal Wiksa', 'Sidoarjo', 'J001'),
('20622004', 'Imam Baihaqi', 'Semarang', 'J001'),
('20622005', 'Aditya Haydar', 'Malang', 'J003'),
('20622006', 'Muhammad Danke Ardiansyah', 'Bali', 'J003'),
('20622007', 'Hafidz Abdirrahman', 'Yogyakarta', 'J004'),
('20622008', 'Abdul Muhsi', 'Aceh', 'J001'),
('20622009', 'Fikri Tanjung', 'Padang', 'J002'),
('20622010', 'Muhammad Milado', 'Kendari', 'J002'),
('20622011', 'Adi Susanto', 'Palu', 'J001'),
('20622012', 'Budi Wijaya', 'Semarang', 'J004'),
('20622013', 'Dian Setiawan', 'Yogyakarta', 'J003'),
('20622014', 'Eko Nugroho', 'Kediri', 'J001'),
('20622015', 'Fitri Hartono', 'Serang', 'J002'),
('20622016', 'Galih Saputra', 'Lombok', 'J003'),
('20622017', 'Hadi Surya', 'Padang', 'J002'),
('20622018', 'Indah Purnama', 'Solo', 'J004'),
('20622019', 'Joko Santoso', 'Bogor', 'J004'),
('20622020', 'Kusuma Hidayat', 'Medan', 'J003'),
('20622021', 'Lina Kurniawan', 'Depok', 'J002'),
('20622022', 'Mira Utomo', 'Bekasi', 'J001'),
('20622023', 'Nita Mulyono', 'Probolinggo', 'J001'),
('20622024', 'Oktavia Wibowo', 'Kebumen', 'J001'),
('20622025', 'Putra Cahyono', 'Purbalingga', 'J001'),
('20622026', 'Rani Mustika', 'Tasikmalaya', 'J003'),
('20622027', 'Siti Hermawan', 'Garut', 'J003'),
('20622028', 'Tito Budiman', 'Bandung', 'J003'),
('20622029', 'Utami Winata', 'Wonosobo', 'J003');

INSERT INTO dosen VALUES
('1968081720200410', 'Prof. Ir. Atyanto Dharoko, M.Phil., Ph.D.'),
('1985081820200410', 'Ir. Slamet Sudibyo, MT.'),
('1970081220200410', 'Dr. Ir. Djoko Wijono, M.Arch.'),
('1960081220200410', 'Dr. Ir. Laretna Trisnantari Adishakti, M.Arch.');

INSERT INTO mata_kuliah VALUES
('M001', 'Menggambar Teknik', 3),
('M002', 'Sistem Operasi', 4),
('M003', 'Probabilitas dan Statistika', 3),
('M004', 'Dasar Pemrograman', 2),
('M005', 'Kecerdasan Buatan', 3),
('M006', 'Agama', 2),
('M007', 'Kalkulus', 4),
('M008', 'Kimia Dasar', 2),
('M009', 'Psikologi Industri', 3),
('M010', 'Dinamika Sistem', 3),
('M011', 'Elektronika Nuklir', 3),
('M012', 'Radiokimia (*#)', 2),
('M013', 'Teknik Tenaga Listrik', 2),
('M014', 'Jaringan dan Komunikasi Data', 3),
('M015', 'Studium Generale', 2),
('M016', 'Teknik Tegangan Tinggi', 3),
('M017', 'Manajemen Industri', 2),
('M018', 'Perancangan Sistem Basis Data', 3),
('M019', 'Data Mining', 4); 

INSERT INTO teach (nim, nip, id_matkul, nilai) VALUES
('20622001', '1985081820200410', 'M002', 'A'),
('20622001', '1985081820200410', 'M005', 'C'),
('20622001', '1985081820200410', 'M003', 'D'),
('20622001', '1960081220200410', 'M006', 'B'),
('20622002', '1970081220200410', 'M013', 'A'),
('20622002', '1970081220200410', 'M016', 'A'),
('20622002', '1970081220200410', 'M014', 'B'),
('20622003', '1970081220200410', 'M009', 'A'),
('20622003', '1960081220200410', 'M006', 'C'),
('20622003', '1960081220200410', 'M007', 'C'),
('20622003', '1960081220200410', 'M008', 'B'),
('20622004', '1960081220200410', 'M008', 'A'),
('20622004', '1960081220200410', 'M007', 'A'),
('20622004', '1960081220200410', 'M017', 'A'),
('20622005', '1968081720200410', 'M019', 'C'),
('20622005', '1968081720200410', 'M018', 'A'),
('20622005', '1968081720200410', 'M014', 'A'),
('20622005', '1968081720200410', 'M003', 'D'),
('20622006', '1968081720200410', 'M019', 'D'),
('20622006', '1968081720200410', 'M005', 'D'),
('20622007', '1970081220200410', 'M013', 'B'),
('20622007', '1970081220200410', 'M015', 'C'),
('20622007', '1970081220200410', 'M003', 'A'),
('20622008', '1960081220200410', 'M006', 'A'),
('20622008', '1960081220200410', 'M009', 'C'),
('20622008', '1960081220200410', 'M007', 'C'),
('20622009', '1985081820200410', 'M001', 'B'),
('20622009', '1985081820200410', 'M008', 'D'),
('20622009', '1985081820200410', 'M006', 'D'),
('20622009', '1985081820200410', 'M007', 'C'),
('20622009', '1985081820200410', 'M011', 'A'),
('20622010', '1985081820200410', 'M006', 'D'),
('20622010', '1985081820200410', 'M010', 'A'),
('20622010', '1985081820200410', 'M011', 'C'),
('20622010', '1985081820200410', 'M012', 'A'),
('20622011', '1960081220200410', 'M001', 'B'),
('20622011', '1960081220200410', 'M009', 'A'),
('20622011', '1960081220200410', 'M007', 'D'),
('20622012', '1970081220200410', 'M003', 'D'),
('20622012', '1970081220200410', 'M004', 'B'),
('20622012', '1970081220200410', 'M013', 'D'),
('20622013', '1968081720200410', 'M019', 'B'),
('20622013', '1968081720200410', 'M004', 'B'),
('20622014', '1960081220200410', 'M006', 'A'),
('20622014', '1960081220200410', 'M009', 'D'),
('20622014', '1960081220200410', 'M001', 'D'),
('20622015', '1985081820200410', 'M003', 'E'),
('20622015', '1985081820200410', 'M010', 'E'),
('20622015', '1985081820200410', 'M011', 'A'),
('20622015', '1985081820200410', 'M012', 'A'),
('20622016', '1968081720200410', 'M019', 'E'),
('20622016', '1968081720200410', 'M003', 'C'),
('20622016', '1968081720200410', 'M002', 'A'),
('20622017', '1985081820200410', 'M001', 'A'),
('20622017', '1985081820200410', 'M010', 'D'),
('20622017', '1985081820200410', 'M011', 'A'),
('20622018', '1970081220200410', 'M013', 'A'),
('20622018', '1970081220200410', 'M015', 'C'),
('20622018', '1970081220200410', 'M016', 'A'),
('20622019', '1970081220200410', 'M016', 'A'),
('20622019', '1970081220200410', 'M013', 'E'),
('20622020', '1968081720200410', 'M019', 'C'),
('20622020', '1968081720200410', 'M005', 'D'),
('20622020', '1968081720200410', 'M004', 'A'),
('20622021', '1985081820200410', 'M001', 'A'),
('20622021', '1985081820200410', 'M011', 'C'),
('20622021', '1985081820200410', 'M012', 'E'),
('20622022', '1960081220200410', 'M017', 'A'),
('20622022', '1960081220200410', 'M001', 'A'),
('20622023', '1960081220200410', 'M006', 'E'),
('20622023', '1960081220200410', 'M007', 'C'),
('20622023', '1960081220200410', 'M009', 'A'),
('20622024', '1960081220200410', 'M008', 'E'),
('20622024', '1960081220200410', 'M001', 'C'),
('20622025', '1960081220200410', 'M009', 'B'),
('20622025', '1960081220200410', 'M008', 'C'),
('20622026', '1968081720200410', 'M019', 'C'),
('20622026', '1968081720200410', 'M005', 'A'),
('20622026', '1968081720200410', 'M003', 'B'),
('20622027', '1968081720200410', 'M003', 'B'),
('20622027', '1968081720200410', 'M002', 'D'),
('20622028', '1968081720200410', 'M002', 'E'),
('20622028', '1968081720200410', 'M014', 'A'),
('20622028', '1968081720200410', 'M018', 'D'),
('20622029', '1968081720200410', 'M019', 'A'),
('20622029', '1968081720200410', 'M014', 'A');